test0,test0password,0First,0Last
test1,test1password,1First,1Last
test2,test2password,2First,2Last
test3,test3password,3First,3Last
test4,test4password,4First,4Last
test5,test5password,5First,5Last
test6,test6password,6First,6Last
test7,test7password,7First,7Last
test8,test8password,8First,8Last
test9,test9password,9First,9Last
test10,test10password,10First,10Last
test11,test11password,11First,11Last
test12,test12password,12First,12Last
test13,test13password,13First,13Last
test14,test14password,14First,14Last
test15,test15password,15First,15Last
test16,test16password,16First,16Last
test17,test17password,17First,17Last
test18,test18password,18First,18Last
test19,test19password,19First,19Last
test20,test20password,20First,20Last
test21,test21password,21First,21Last
test22,test22password,22First,22Last
test23,test23password,23First,23Last
test24,test24password,24First,24Last
test25,test25password,25First,25Last
test26,test26password,26First,26Last
test27,test27password,27First,27Last
test28,test28password,28First,28Last
test29,test29password,29First,29Last
test30,test30password,30First,30Last
test31,test31password,31First,31Last
test32,test32password,32First,32Last
test33,test33password,33First,33Last
test34,test34password,34First,34Last
test35,test35password,35First,35Last
test36,test36password,36First,36Last
test37,test37password,37First,37Last
test38,test38password,38First,38Last
test39,test39password,39First,39Last
test40,test40password,40First,40Last
test41,test41password,41First,41Last
test42,test42password,42First,42Last
test43,test43password,43First,43Last
test44,test44password,44First,44Last
test45,test45password,45First,45Last
test46,test46password,46First,46Last
test47,test47password,47First,47Last
test48,test48password,48First,48Last
test49,test49password,49First,49Last
test50,test50password,50First,50Last
test51,test51password,51First,51Last
test52,test52password,52First,52Last
test53,test53password,53First,53Last
test54,test54password,54First,54Last
test55,test55password,55First,55Last
test56,test56password,56First,56Last
test57,test57password,57First,57Last
test58,test58password,58First,58Last
test59,test59password,59First,59Last
test60,test60password,60First,60Last
test61,test61password,61First,61Last
test62,test62password,62First,62Last
test63,test63password,63First,63Last
test64,test64password,64First,64Last
test65,test65password,65First,65Last
test66,test66password,66First,66Last
test67,test67password,67First,67Last
test68,test68password,68First,68Last
test69,test69password,69First,69Last
test70,test70password,70First,70Last
test71,test71password,71First,71Last
test72,test72password,72First,72Last
test73,test73password,73First,73Last
test74,test74password,74First,74Last
test75,test75password,75First,75Last
test76,test76password,76First,76Last
test77,test77password,77First,77Last
test78,test78password,78First,78Last
test79,test79password,79First,79Last
test80,test80password,80First,80Last
test81,test81password,81First,81Last
test82,test82password,82First,82Last
test83,test83password,83First,83Last
test84,test84password,84First,84Last
test85,test85password,85First,85Last
test86,test86password,86First,86Last
test87,test87password,87First,87Last
test88,test88password,88First,88Last
test89,test89password,89First,89Last
test90,test90password,90First,90Last
test91,test91password,91First,91Last
test92,test92password,92First,92Last
test93,test93password,93First,93Last
test94,test94password,94First,94Last
test95,test95password,95First,95Last
test96,test96password,96First,96Last
test97,test97password,97First,97Last
test98,test98password,98First,98Last
test99,test99password,99First,99Last
test100,test100password,100First,100Last
test101,test101password,101First,101Last
test102,test102password,102First,102Last
test103,test103password,103First,103Last
test104,test104password,104First,104Last
test105,test105password,105First,105Last
test106,test106password,106First,106Last
test107,test107password,107First,107Last
test108,test108password,108First,108Last
test109,test109password,109First,109Last
test110,test110password,110First,110Last
test111,test111password,111First,111Last
test112,test112password,112First,112Last
test113,test113password,113First,113Last
test114,test114password,114First,114Last
test115,test115password,115First,115Last
test116,test116password,116First,116Last
test117,test117password,117First,117Last
test118,test118password,118First,118Last
test119,test119password,119First,119Last
test120,test120password,120First,120Last
test121,test121password,121First,121Last
test122,test122password,122First,122Last
test123,test123password,123First,123Last
test124,test124password,124First,124Last
test125,test125password,125First,125Last
test126,test126password,126First,126Last
test127,test127password,127First,127Last
test128,test128password,128First,128Last
test129,test129password,129First,129Last
test130,test130password,130First,130Last
test131,test131password,131First,131Last
test132,test132password,132First,132Last
test133,test133password,133First,133Last
test134,test134password,134First,134Last
test135,test135password,135First,135Last
test136,test136password,136First,136Last
test137,test137password,137First,137Last
test138,test138password,138First,138Last
test139,test139password,139First,139Last
test140,test140password,140First,140Last
test141,test141password,141First,141Last
test142,test142password,142First,142Last
test143,test143password,143First,143Last
test144,test144password,144First,144Last
test145,test145password,145First,145Last
test146,test146password,146First,146Last
test147,test147password,147First,147Last
test148,test148password,148First,148Last
test149,test149password,149First,149Last
test150,test150password,150First,150Last
test151,test151password,151First,151Last
test152,test152password,152First,152Last
test153,test153password,153First,153Last
test154,test154password,154First,154Last
test155,test155password,155First,155Last
test156,test156password,156First,156Last
test157,test157password,157First,157Last
test158,test158password,158First,158Last
test159,test159password,159First,159Last
test160,test160password,160First,160Last
test161,test161password,161First,161Last
test162,test162password,162First,162Last
test163,test163password,163First,163Last
test164,test164password,164First,164Last
test165,test165password,165First,165Last
test166,test166password,166First,166Last
test167,test167password,167First,167Last
test168,test168password,168First,168Last
test169,test169password,169First,169Last
test170,test170password,170First,170Last
test171,test171password,171First,171Last
test172,test172password,172First,172Last
test173,test173password,173First,173Last
test174,test174password,174First,174Last
test175,test175password,175First,175Last
test176,test176password,176First,176Last
test177,test177password,177First,177Last
test178,test178password,178First,178Last
test179,test179password,179First,179Last
test180,test180password,180First,180Last
test181,test181password,181First,181Last
test182,test182password,182First,182Last
test183,test183password,183First,183Last
test184,test184password,184First,184Last
test185,test185password,185First,185Last
test186,test186password,186First,186Last
test187,test187password,187First,187Last
test188,test188password,188First,188Last
test189,test189password,189First,189Last
test190,test190password,190First,190Last
test191,test191password,191First,191Last
test192,test192password,192First,192Last
test193,test193password,193First,193Last
test194,test194password,194First,194Last
test195,test195password,195First,195Last
test196,test196password,196First,196Last
test197,test197password,197First,197Last
test198,test198password,198First,198Last
test199,test199password,199First,199Last
