test3008,test3008password,3008First,3008Last
test3009,test3009password,3009First,3009Last
test3010,test3010password,3010First,3010Last
test3011,test3011password,3011First,3011Last
test3012,test3012password,3012First,3012Last
test3013,test3013password,3013First,3013Last
test3014,test3014password,3014First,3014Last
test3015,test3015password,3015First,3015Last
test3016,test3016password,3016First,3016Last
test3017,test3017password,3017First,3017Last
test3018,test3018password,3018First,3018Last
test3019,test3019password,3019First,3019Last
test3020,test3020password,3020First,3020Last
test3021,test3021password,3021First,3021Last
test3022,test3022password,3022First,3022Last
test3023,test3023password,3023First,3023Last
test3024,test3024password,3024First,3024Last
test3025,test3025password,3025First,3025Last
test3026,test3026password,3026First,3026Last
test3027,test3027password,3027First,3027Last
test3028,test3028password,3028First,3028Last
test3029,test3029password,3029First,3029Last
test3030,test3030password,3030First,3030Last
test3031,test3031password,3031First,3031Last
test3032,test3032password,3032First,3032Last
test3033,test3033password,3033First,3033Last
test3034,test3034password,3034First,3034Last
test3035,test3035password,3035First,3035Last
test3036,test3036password,3036First,3036Last
test3037,test3037password,3037First,3037Last
test3038,test3038password,3038First,3038Last
test3039,test3039password,3039First,3039Last
test3040,test3040password,3040First,3040Last
test3041,test3041password,3041First,3041Last
test3042,test3042password,3042First,3042Last
test3043,test3043password,3043First,3043Last
test3044,test3044password,3044First,3044Last
test3045,test3045password,3045First,3045Last
test3046,test3046password,3046First,3046Last
test3047,test3047password,3047First,3047Last
test3048,test3048password,3048First,3048Last
test3049,test3049password,3049First,3049Last
test3050,test3050password,3050First,3050Last
test3051,test3051password,3051First,3051Last
test3052,test3052password,3052First,3052Last
test3053,test3053password,3053First,3053Last
test3054,test3054password,3054First,3054Last
test3055,test3055password,3055First,3055Last
test3056,test3056password,3056First,3056Last
test3057,test3057password,3057First,3057Last
test3058,test3058password,3058First,3058Last
test3059,test3059password,3059First,3059Last
test3060,test3060password,3060First,3060Last
test3061,test3061password,3061First,3061Last
test3062,test3062password,3062First,3062Last
test3063,test3063password,3063First,3063Last
test3064,test3064password,3064First,3064Last
test3065,test3065password,3065First,3065Last
test3066,test3066password,3066First,3066Last
test3067,test3067password,3067First,3067Last
test3068,test3068password,3068First,3068Last
test3069,test3069password,3069First,3069Last
test3070,test3070password,3070First,3070Last
test3071,test3071password,3071First,3071Last
test3072,test3072password,3072First,3072Last
test3073,test3073password,3073First,3073Last
test3074,test3074password,3074First,3074Last
test3075,test3075password,3075First,3075Last
test3076,test3076password,3076First,3076Last
test3077,test3077password,3077First,3077Last
test3078,test3078password,3078First,3078Last
test3079,test3079password,3079First,3079Last
test3080,test3080password,3080First,3080Last
test3081,test3081password,3081First,3081Last
test3082,test3082password,3082First,3082Last
test3083,test3083password,3083First,3083Last
test3084,test3084password,3084First,3084Last
test3085,test3085password,3085First,3085Last
test3086,test3086password,3086First,3086Last
test3087,test3087password,3087First,3087Last
test3088,test3088password,3088First,3088Last
test3089,test3089password,3089First,3089Last
test3090,test3090password,3090First,3090Last
test3091,test3091password,3091First,3091Last
test3092,test3092password,3092First,3092Last
test3093,test3093password,3093First,3093Last
test3094,test3094password,3094First,3094Last
test3095,test3095password,3095First,3095Last
test3096,test3096password,3096First,3096Last
test3097,test3097password,3097First,3097Last
test3098,test3098password,3098First,3098Last
test3099,test3099password,3099First,3099Last
test3100,test3100password,3100First,3100Last
test3101,test3101password,3101First,3101Last
test3102,test3102password,3102First,3102Last
test3103,test3103password,3103First,3103Last
test3104,test3104password,3104First,3104Last
test3105,test3105password,3105First,3105Last
test3106,test3106password,3106First,3106Last
test3107,test3107password,3107First,3107Last
test3108,test3108password,3108First,3108Last
test3109,test3109password,3109First,3109Last
test3110,test3110password,3110First,3110Last
test3111,test3111password,3111First,3111Last
test3112,test3112password,3112First,3112Last
test3113,test3113password,3113First,3113Last
test3114,test3114password,3114First,3114Last
test3115,test3115password,3115First,3115Last
test3116,test3116password,3116First,3116Last
test3117,test3117password,3117First,3117Last
test3118,test3118password,3118First,3118Last
test3119,test3119password,3119First,3119Last
test3120,test3120password,3120First,3120Last
test3121,test3121password,3121First,3121Last
test3122,test3122password,3122First,3122Last
test3123,test3123password,3123First,3123Last
test3124,test3124password,3124First,3124Last
test3125,test3125password,3125First,3125Last
test3126,test3126password,3126First,3126Last
test3127,test3127password,3127First,3127Last
test3128,test3128password,3128First,3128Last
test3129,test3129password,3129First,3129Last
test3130,test3130password,3130First,3130Last
test3131,test3131password,3131First,3131Last
test3132,test3132password,3132First,3132Last
test3133,test3133password,3133First,3133Last
test3134,test3134password,3134First,3134Last
test3135,test3135password,3135First,3135Last
test3136,test3136password,3136First,3136Last
test3137,test3137password,3137First,3137Last
test3138,test3138password,3138First,3138Last
test3139,test3139password,3139First,3139Last
test3140,test3140password,3140First,3140Last
test3141,test3141password,3141First,3141Last
test3142,test3142password,3142First,3142Last
test3143,test3143password,3143First,3143Last
test3144,test3144password,3144First,3144Last
test3145,test3145password,3145First,3145Last
test3146,test3146password,3146First,3146Last
test3147,test3147password,3147First,3147Last
test3148,test3148password,3148First,3148Last
test3149,test3149password,3149First,3149Last
test3150,test3150password,3150First,3150Last
test3151,test3151password,3151First,3151Last
test3152,test3152password,3152First,3152Last
test3153,test3153password,3153First,3153Last
test3154,test3154password,3154First,3154Last
test3155,test3155password,3155First,3155Last
test3156,test3156password,3156First,3156Last
test3157,test3157password,3157First,3157Last
test3158,test3158password,3158First,3158Last
test3159,test3159password,3159First,3159Last
test3160,test3160password,3160First,3160Last
test3161,test3161password,3161First,3161Last
test3162,test3162password,3162First,3162Last
test3163,test3163password,3163First,3163Last
test3164,test3164password,3164First,3164Last
test3165,test3165password,3165First,3165Last
test3166,test3166password,3166First,3166Last
test3167,test3167password,3167First,3167Last
test3168,test3168password,3168First,3168Last
test3169,test3169password,3169First,3169Last
test3170,test3170password,3170First,3170Last
test3171,test3171password,3171First,3171Last
test3172,test3172password,3172First,3172Last
test3173,test3173password,3173First,3173Last
test3174,test3174password,3174First,3174Last
test3175,test3175password,3175First,3175Last
test3176,test3176password,3176First,3176Last
test3177,test3177password,3177First,3177Last
test3178,test3178password,3178First,3178Last
test3179,test3179password,3179First,3179Last
test3180,test3180password,3180First,3180Last
test3181,test3181password,3181First,3181Last
test3182,test3182password,3182First,3182Last
test3183,test3183password,3183First,3183Last
test3184,test3184password,3184First,3184Last
test3185,test3185password,3185First,3185Last
test3186,test3186password,3186First,3186Last
test3187,test3187password,3187First,3187Last
test3188,test3188password,3188First,3188Last
test3189,test3189password,3189First,3189Last
test3190,test3190password,3190First,3190Last
test3191,test3191password,3191First,3191Last
test3192,test3192password,3192First,3192Last
test3193,test3193password,3193First,3193Last
test3194,test3194password,3194First,3194Last
test3195,test3195password,3195First,3195Last
test3196,test3196password,3196First,3196Last
test3197,test3197password,3197First,3197Last
test3198,test3198password,3198First,3198Last
test3199,test3199password,3199First,3199Last
test3200,test3200password,3200First,3200Last
test3201,test3201password,3201First,3201Last
test3202,test3202password,3202First,3202Last
test3203,test3203password,3203First,3203Last
test3204,test3204password,3204First,3204Last
test3205,test3205password,3205First,3205Last
test3206,test3206password,3206First,3206Last
test3207,test3207password,3207First,3207Last
test3208,test3208password,3208First,3208Last
test3209,test3209password,3209First,3209Last
test3210,test3210password,3210First,3210Last
test3211,test3211password,3211First,3211Last
test3212,test3212password,3212First,3212Last
test3213,test3213password,3213First,3213Last
test3214,test3214password,3214First,3214Last
test3215,test3215password,3215First,3215Last
test3216,test3216password,3216First,3216Last
test3217,test3217password,3217First,3217Last
test3218,test3218password,3218First,3218Last
test3219,test3219password,3219First,3219Last
test3220,test3220password,3220First,3220Last
test3221,test3221password,3221First,3221Last
test3222,test3222password,3222First,3222Last
test3223,test3223password,3223First,3223Last
test3224,test3224password,3224First,3224Last
test3225,test3225password,3225First,3225Last
test3226,test3226password,3226First,3226Last
test3227,test3227password,3227First,3227Last
test3228,test3228password,3228First,3228Last
test3229,test3229password,3229First,3229Last
test3230,test3230password,3230First,3230Last
test3231,test3231password,3231First,3231Last
test3232,test3232password,3232First,3232Last
test3233,test3233password,3233First,3233Last
test3234,test3234password,3234First,3234Last
test3235,test3235password,3235First,3235Last
test3236,test3236password,3236First,3236Last
test3237,test3237password,3237First,3237Last
test3238,test3238password,3238First,3238Last
test3239,test3239password,3239First,3239Last
test3240,test3240password,3240First,3240Last
test3241,test3241password,3241First,3241Last
test3242,test3242password,3242First,3242Last
test3243,test3243password,3243First,3243Last
test3244,test3244password,3244First,3244Last
test3245,test3245password,3245First,3245Last
test3246,test3246password,3246First,3246Last
test3247,test3247password,3247First,3247Last
test3248,test3248password,3248First,3248Last
test3249,test3249password,3249First,3249Last
test3250,test3250password,3250First,3250Last
test3251,test3251password,3251First,3251Last
test3252,test3252password,3252First,3252Last
test3253,test3253password,3253First,3253Last
test3254,test3254password,3254First,3254Last
test3255,test3255password,3255First,3255Last
test3256,test3256password,3256First,3256Last
test3257,test3257password,3257First,3257Last
test3258,test3258password,3258First,3258Last
test3259,test3259password,3259First,3259Last
test3260,test3260password,3260First,3260Last
test3261,test3261password,3261First,3261Last
test3262,test3262password,3262First,3262Last
test3263,test3263password,3263First,3263Last
test3264,test3264password,3264First,3264Last
test3265,test3265password,3265First,3265Last
test3266,test3266password,3266First,3266Last
test3267,test3267password,3267First,3267Last
test3268,test3268password,3268First,3268Last
test3269,test3269password,3269First,3269Last
test3270,test3270password,3270First,3270Last
test3271,test3271password,3271First,3271Last
test3272,test3272password,3272First,3272Last
test3273,test3273password,3273First,3273Last
test3274,test3274password,3274First,3274Last
test3275,test3275password,3275First,3275Last
test3276,test3276password,3276First,3276Last
test3277,test3277password,3277First,3277Last
test3278,test3278password,3278First,3278Last
test3279,test3279password,3279First,3279Last
test3280,test3280password,3280First,3280Last
test3281,test3281password,3281First,3281Last
test3282,test3282password,3282First,3282Last
test3283,test3283password,3283First,3283Last
test3284,test3284password,3284First,3284Last
test3285,test3285password,3285First,3285Last
test3286,test3286password,3286First,3286Last
test3287,test3287password,3287First,3287Last
test3288,test3288password,3288First,3288Last
test3289,test3289password,3289First,3289Last
test3290,test3290password,3290First,3290Last
test3291,test3291password,3291First,3291Last
test3292,test3292password,3292First,3292Last
test3293,test3293password,3293First,3293Last
test3294,test3294password,3294First,3294Last
test3295,test3295password,3295First,3295Last
test3296,test3296password,3296First,3296Last
test3297,test3297password,3297First,3297Last
test3298,test3298password,3298First,3298Last
test3299,test3299password,3299First,3299Last
test3300,test3300password,3300First,3300Last
test3301,test3301password,3301First,3301Last
test3302,test3302password,3302First,3302Last
test3303,test3303password,3303First,3303Last
test3304,test3304password,3304First,3304Last
test3305,test3305password,3305First,3305Last
test3306,test3306password,3306First,3306Last
test3307,test3307password,3307First,3307Last
test3308,test3308password,3308First,3308Last
test3309,test3309password,3309First,3309Last
test3310,test3310password,3310First,3310Last
test3311,test3311password,3311First,3311Last
test3312,test3312password,3312First,3312Last
test3313,test3313password,3313First,3313Last
test3314,test3314password,3314First,3314Last
test3315,test3315password,3315First,3315Last
test3316,test3316password,3316First,3316Last
test3317,test3317password,3317First,3317Last
test3318,test3318password,3318First,3318Last
test3319,test3319password,3319First,3319Last
test3320,test3320password,3320First,3320Last
test3321,test3321password,3321First,3321Last
test3322,test3322password,3322First,3322Last
test3323,test3323password,3323First,3323Last
test3324,test3324password,3324First,3324Last
test3325,test3325password,3325First,3325Last
test3326,test3326password,3326First,3326Last
test3327,test3327password,3327First,3327Last
test3328,test3328password,3328First,3328Last
test3329,test3329password,3329First,3329Last
test3330,test3330password,3330First,3330Last
test3331,test3331password,3331First,3331Last
test3332,test3332password,3332First,3332Last
test3333,test3333password,3333First,3333Last
test3334,test3334password,3334First,3334Last
test3335,test3335password,3335First,3335Last
test3336,test3336password,3336First,3336Last
test3337,test3337password,3337First,3337Last
test3338,test3338password,3338First,3338Last
test3339,test3339password,3339First,3339Last
test3340,test3340password,3340First,3340Last
test3341,test3341password,3341First,3341Last
test3342,test3342password,3342First,3342Last
test3343,test3343password,3343First,3343Last
test3344,test3344password,3344First,3344Last
test3345,test3345password,3345First,3345Last
test3346,test3346password,3346First,3346Last
test3347,test3347password,3347First,3347Last
test3348,test3348password,3348First,3348Last
test3349,test3349password,3349First,3349Last
test3350,test3350password,3350First,3350Last
test3351,test3351password,3351First,3351Last
test3352,test3352password,3352First,3352Last
test3353,test3353password,3353First,3353Last
test3354,test3354password,3354First,3354Last
test3355,test3355password,3355First,3355Last
test3356,test3356password,3356First,3356Last
test3357,test3357password,3357First,3357Last
test3358,test3358password,3358First,3358Last
test3359,test3359password,3359First,3359Last
test3360,test3360password,3360First,3360Last
test3361,test3361password,3361First,3361Last
test3362,test3362password,3362First,3362Last
test3363,test3363password,3363First,3363Last
test3364,test3364password,3364First,3364Last
test3365,test3365password,3365First,3365Last
test3366,test3366password,3366First,3366Last
test3367,test3367password,3367First,3367Last
test3368,test3368password,3368First,3368Last
test3369,test3369password,3369First,3369Last
test3370,test3370password,3370First,3370Last
test3371,test3371password,3371First,3371Last
test3372,test3372password,3372First,3372Last
test3373,test3373password,3373First,3373Last
test3374,test3374password,3374First,3374Last
test3375,test3375password,3375First,3375Last
test3376,test3376password,3376First,3376Last
test3377,test3377password,3377First,3377Last
test3378,test3378password,3378First,3378Last
test3379,test3379password,3379First,3379Last
test3380,test3380password,3380First,3380Last
test3381,test3381password,3381First,3381Last
test3382,test3382password,3382First,3382Last
test3383,test3383password,3383First,3383Last
test3384,test3384password,3384First,3384Last
test3385,test3385password,3385First,3385Last
test3386,test3386password,3386First,3386Last
test3387,test3387password,3387First,3387Last
test3388,test3388password,3388First,3388Last
test3389,test3389password,3389First,3389Last
test3390,test3390password,3390First,3390Last
test3391,test3391password,3391First,3391Last
test3392,test3392password,3392First,3392Last
test3393,test3393password,3393First,3393Last
test3394,test3394password,3394First,3394Last
test3395,test3395password,3395First,3395Last
test3396,test3396password,3396First,3396Last
test3397,test3397password,3397First,3397Last
test3398,test3398password,3398First,3398Last
test3399,test3399password,3399First,3399Last
test3400,test3400password,3400First,3400Last
test3401,test3401password,3401First,3401Last
test3402,test3402password,3402First,3402Last
test3403,test3403password,3403First,3403Last
test3404,test3404password,3404First,3404Last
test3405,test3405password,3405First,3405Last
test3406,test3406password,3406First,3406Last
test3407,test3407password,3407First,3407Last
test3408,test3408password,3408First,3408Last
test3409,test3409password,3409First,3409Last
test3410,test3410password,3410First,3410Last
test3411,test3411password,3411First,3411Last
test3412,test3412password,3412First,3412Last
test3413,test3413password,3413First,3413Last
test3414,test3414password,3414First,3414Last
test3415,test3415password,3415First,3415Last
test3416,test3416password,3416First,3416Last
test3417,test3417password,3417First,3417Last
test3418,test3418password,3418First,3418Last
test3419,test3419password,3419First,3419Last
test3420,test3420password,3420First,3420Last
test3421,test3421password,3421First,3421Last
test3422,test3422password,3422First,3422Last
test3423,test3423password,3423First,3423Last
test3424,test3424password,3424First,3424Last
test3425,test3425password,3425First,3425Last
test3426,test3426password,3426First,3426Last
test3427,test3427password,3427First,3427Last
test3428,test3428password,3428First,3428Last
test3429,test3429password,3429First,3429Last
test3430,test3430password,3430First,3430Last
test3431,test3431password,3431First,3431Last
test3432,test3432password,3432First,3432Last
test3433,test3433password,3433First,3433Last
test3434,test3434password,3434First,3434Last
test3435,test3435password,3435First,3435Last
test3436,test3436password,3436First,3436Last
test3437,test3437password,3437First,3437Last
test3438,test3438password,3438First,3438Last
test3439,test3439password,3439First,3439Last
test3440,test3440password,3440First,3440Last
test3441,test3441password,3441First,3441Last
test3442,test3442password,3442First,3442Last
test3443,test3443password,3443First,3443Last
test3444,test3444password,3444First,3444Last
test3445,test3445password,3445First,3445Last
test3446,test3446password,3446First,3446Last
test3447,test3447password,3447First,3447Last
test3448,test3448password,3448First,3448Last
test3449,test3449password,3449First,3449Last
test3450,test3450password,3450First,3450Last
test3451,test3451password,3451First,3451Last
test3452,test3452password,3452First,3452Last
test3453,test3453password,3453First,3453Last
test3454,test3454password,3454First,3454Last
test3455,test3455password,3455First,3455Last
test3456,test3456password,3456First,3456Last
test3457,test3457password,3457First,3457Last
test3458,test3458password,3458First,3458Last
test3459,test3459password,3459First,3459Last
test3460,test3460password,3460First,3460Last
test3461,test3461password,3461First,3461Last
test3462,test3462password,3462First,3462Last
test3463,test3463password,3463First,3463Last
test3464,test3464password,3464First,3464Last
test3465,test3465password,3465First,3465Last
test3466,test3466password,3466First,3466Last
test3467,test3467password,3467First,3467Last
test3468,test3468password,3468First,3468Last
test3469,test3469password,3469First,3469Last
test3470,test3470password,3470First,3470Last
test3471,test3471password,3471First,3471Last
test3472,test3472password,3472First,3472Last
test3473,test3473password,3473First,3473Last
test3474,test3474password,3474First,3474Last
test3475,test3475password,3475First,3475Last
test3476,test3476password,3476First,3476Last
test3477,test3477password,3477First,3477Last
test3478,test3478password,3478First,3478Last
test3479,test3479password,3479First,3479Last
test3480,test3480password,3480First,3480Last
test3481,test3481password,3481First,3481Last
test3482,test3482password,3482First,3482Last
test3483,test3483password,3483First,3483Last
test3484,test3484password,3484First,3484Last
test3485,test3485password,3485First,3485Last
test3486,test3486password,3486First,3486Last
test3487,test3487password,3487First,3487Last
test3488,test3488password,3488First,3488Last
test3489,test3489password,3489First,3489Last
test3490,test3490password,3490First,3490Last
test3491,test3491password,3491First,3491Last
test3492,test3492password,3492First,3492Last
test3493,test3493password,3493First,3493Last
test3494,test3494password,3494First,3494Last
test3495,test3495password,3495First,3495Last
test3496,test3496password,3496First,3496Last
test3497,test3497password,3497First,3497Last
test3498,test3498password,3498First,3498Last
test3499,test3499password,3499First,3499Last
test3500,test3500password,3500First,3500Last
test3501,test3501password,3501First,3501Last
test3502,test3502password,3502First,3502Last
test3503,test3503password,3503First,3503Last
test3504,test3504password,3504First,3504Last
test3505,test3505password,3505First,3505Last
test3506,test3506password,3506First,3506Last
test3507,test3507password,3507First,3507Last
test3508,test3508password,3508First,3508Last
test3509,test3509password,3509First,3509Last
test3510,test3510password,3510First,3510Last
test3511,test3511password,3511First,3511Last
test3512,test3512password,3512First,3512Last
test3513,test3513password,3513First,3513Last
test3514,test3514password,3514First,3514Last
test3515,test3515password,3515First,3515Last
test3516,test3516password,3516First,3516Last
test3517,test3517password,3517First,3517Last
test3518,test3518password,3518First,3518Last
test3519,test3519password,3519First,3519Last
test3520,test3520password,3520First,3520Last
test3521,test3521password,3521First,3521Last
test3522,test3522password,3522First,3522Last
test3523,test3523password,3523First,3523Last
test3524,test3524password,3524First,3524Last
test3525,test3525password,3525First,3525Last
test3526,test3526password,3526First,3526Last
test3527,test3527password,3527First,3527Last
test3528,test3528password,3528First,3528Last
test3529,test3529password,3529First,3529Last
test3530,test3530password,3530First,3530Last
test3531,test3531password,3531First,3531Last
test3532,test3532password,3532First,3532Last
test3533,test3533password,3533First,3533Last
test3534,test3534password,3534First,3534Last
test3535,test3535password,3535First,3535Last
test3536,test3536password,3536First,3536Last
test3537,test3537password,3537First,3537Last
test3538,test3538password,3538First,3538Last
test3539,test3539password,3539First,3539Last
test3540,test3540password,3540First,3540Last
test3541,test3541password,3541First,3541Last
test3542,test3542password,3542First,3542Last
test3543,test3543password,3543First,3543Last
test3544,test3544password,3544First,3544Last
test3545,test3545password,3545First,3545Last
test3546,test3546password,3546First,3546Last
test3547,test3547password,3547First,3547Last
test3548,test3548password,3548First,3548Last
test3549,test3549password,3549First,3549Last
test3550,test3550password,3550First,3550Last
test3551,test3551password,3551First,3551Last
test3552,test3552password,3552First,3552Last
test3553,test3553password,3553First,3553Last
test3554,test3554password,3554First,3554Last
test3555,test3555password,3555First,3555Last
test3556,test3556password,3556First,3556Last
test3557,test3557password,3557First,3557Last
test3558,test3558password,3558First,3558Last
test3559,test3559password,3559First,3559Last
test3560,test3560password,3560First,3560Last
test3561,test3561password,3561First,3561Last
test3562,test3562password,3562First,3562Last
test3563,test3563password,3563First,3563Last
test3564,test3564password,3564First,3564Last
test3565,test3565password,3565First,3565Last
test3566,test3566password,3566First,3566Last
test3567,test3567password,3567First,3567Last
test3568,test3568password,3568First,3568Last
test3569,test3569password,3569First,3569Last
test3570,test3570password,3570First,3570Last
test3571,test3571password,3571First,3571Last
test3572,test3572password,3572First,3572Last
test3573,test3573password,3573First,3573Last
test3574,test3574password,3574First,3574Last
test3575,test3575password,3575First,3575Last
test3576,test3576password,3576First,3576Last
test3577,test3577password,3577First,3577Last
test3578,test3578password,3578First,3578Last
test3579,test3579password,3579First,3579Last
test3580,test3580password,3580First,3580Last
test3581,test3581password,3581First,3581Last
test3582,test3582password,3582First,3582Last
test3583,test3583password,3583First,3583Last
test3584,test3584password,3584First,3584Last
test3585,test3585password,3585First,3585Last
test3586,test3586password,3586First,3586Last
test3587,test3587password,3587First,3587Last
test3588,test3588password,3588First,3588Last
test3589,test3589password,3589First,3589Last
test3590,test3590password,3590First,3590Last
test3591,test3591password,3591First,3591Last
test3592,test3592password,3592First,3592Last
test3593,test3593password,3593First,3593Last
test3594,test3594password,3594First,3594Last
test3595,test3595password,3595First,3595Last
test3596,test3596password,3596First,3596Last
test3597,test3597password,3597First,3597Last
test3598,test3598password,3598First,3598Last
test3599,test3599password,3599First,3599Last
test3600,test3600password,3600First,3600Last
test3601,test3601password,3601First,3601Last
test3602,test3602password,3602First,3602Last
test3603,test3603password,3603First,3603Last
test3604,test3604password,3604First,3604Last
test3605,test3605password,3605First,3605Last
test3606,test3606password,3606First,3606Last
test3607,test3607password,3607First,3607Last
test3608,test3608password,3608First,3608Last
test3609,test3609password,3609First,3609Last
test3610,test3610password,3610First,3610Last
test3611,test3611password,3611First,3611Last
test3612,test3612password,3612First,3612Last
test3613,test3613password,3613First,3613Last
test3614,test3614password,3614First,3614Last
test3615,test3615password,3615First,3615Last
test3616,test3616password,3616First,3616Last
test3617,test3617password,3617First,3617Last
test3618,test3618password,3618First,3618Last
test3619,test3619password,3619First,3619Last
test3620,test3620password,3620First,3620Last
test3621,test3621password,3621First,3621Last
test3622,test3622password,3622First,3622Last
test3623,test3623password,3623First,3623Last
test3624,test3624password,3624First,3624Last
test3625,test3625password,3625First,3625Last
test3626,test3626password,3626First,3626Last
test3627,test3627password,3627First,3627Last
test3628,test3628password,3628First,3628Last
test3629,test3629password,3629First,3629Last
test3630,test3630password,3630First,3630Last
test3631,test3631password,3631First,3631Last
test3632,test3632password,3632First,3632Last
test3633,test3633password,3633First,3633Last
test3634,test3634password,3634First,3634Last
test3635,test3635password,3635First,3635Last
test3636,test3636password,3636First,3636Last
test3637,test3637password,3637First,3637Last
test3638,test3638password,3638First,3638Last
test3639,test3639password,3639First,3639Last
test3640,test3640password,3640First,3640Last
test3641,test3641password,3641First,3641Last
test3642,test3642password,3642First,3642Last
test3643,test3643password,3643First,3643Last
test3644,test3644password,3644First,3644Last
test3645,test3645password,3645First,3645Last
test3646,test3646password,3646First,3646Last
test3647,test3647password,3647First,3647Last
test3648,test3648password,3648First,3648Last
test3649,test3649password,3649First,3649Last
test3650,test3650password,3650First,3650Last
test3651,test3651password,3651First,3651Last
test3652,test3652password,3652First,3652Last
test3653,test3653password,3653First,3653Last
test3654,test3654password,3654First,3654Last
test3655,test3655password,3655First,3655Last
test3656,test3656password,3656First,3656Last
test3657,test3657password,3657First,3657Last
test3658,test3658password,3658First,3658Last
test3659,test3659password,3659First,3659Last
test3660,test3660password,3660First,3660Last
test3661,test3661password,3661First,3661Last
test3662,test3662password,3662First,3662Last
test3663,test3663password,3663First,3663Last
test3664,test3664password,3664First,3664Last
test3665,test3665password,3665First,3665Last
test3666,test3666password,3666First,3666Last
test3667,test3667password,3667First,3667Last
test3668,test3668password,3668First,3668Last
test3669,test3669password,3669First,3669Last
test3670,test3670password,3670First,3670Last
test3671,test3671password,3671First,3671Last
test3672,test3672password,3672First,3672Last
test3673,test3673password,3673First,3673Last
test3674,test3674password,3674First,3674Last
test3675,test3675password,3675First,3675Last
test3676,test3676password,3676First,3676Last
test3677,test3677password,3677First,3677Last
test3678,test3678password,3678First,3678Last
test3679,test3679password,3679First,3679Last
test3680,test3680password,3680First,3680Last
test3681,test3681password,3681First,3681Last
test3682,test3682password,3682First,3682Last
test3683,test3683password,3683First,3683Last
test3684,test3684password,3684First,3684Last
test3685,test3685password,3685First,3685Last
test3686,test3686password,3686First,3686Last
test3687,test3687password,3687First,3687Last
test3688,test3688password,3688First,3688Last
test3689,test3689password,3689First,3689Last
test3690,test3690password,3690First,3690Last
test3691,test3691password,3691First,3691Last
test3692,test3692password,3692First,3692Last
test3693,test3693password,3693First,3693Last
test3694,test3694password,3694First,3694Last
test3695,test3695password,3695First,3695Last
test3696,test3696password,3696First,3696Last
test3697,test3697password,3697First,3697Last
test3698,test3698password,3698First,3698Last
test3699,test3699password,3699First,3699Last
test3700,test3700password,3700First,3700Last
test3701,test3701password,3701First,3701Last
test3702,test3702password,3702First,3702Last
test3703,test3703password,3703First,3703Last
test3704,test3704password,3704First,3704Last
test3705,test3705password,3705First,3705Last
test3706,test3706password,3706First,3706Last
test3707,test3707password,3707First,3707Last
test3708,test3708password,3708First,3708Last
test3709,test3709password,3709First,3709Last
test3710,test3710password,3710First,3710Last
test3711,test3711password,3711First,3711Last
test3712,test3712password,3712First,3712Last
test3713,test3713password,3713First,3713Last
test3714,test3714password,3714First,3714Last
test3715,test3715password,3715First,3715Last
test3716,test3716password,3716First,3716Last
test3717,test3717password,3717First,3717Last
test3718,test3718password,3718First,3718Last
test3719,test3719password,3719First,3719Last
test3720,test3720password,3720First,3720Last
test3721,test3721password,3721First,3721Last
test3722,test3722password,3722First,3722Last
test3723,test3723password,3723First,3723Last
test3724,test3724password,3724First,3724Last
test3725,test3725password,3725First,3725Last
test3726,test3726password,3726First,3726Last
test3727,test3727password,3727First,3727Last
test3728,test3728password,3728First,3728Last
test3729,test3729password,3729First,3729Last
test3730,test3730password,3730First,3730Last
test3731,test3731password,3731First,3731Last
test3732,test3732password,3732First,3732Last
test3733,test3733password,3733First,3733Last
test3734,test3734password,3734First,3734Last
test3735,test3735password,3735First,3735Last
test3736,test3736password,3736First,3736Last
test3737,test3737password,3737First,3737Last
test3738,test3738password,3738First,3738Last
test3739,test3739password,3739First,3739Last
test3740,test3740password,3740First,3740Last
test3741,test3741password,3741First,3741Last
test3742,test3742password,3742First,3742Last
test3743,test3743password,3743First,3743Last
test3744,test3744password,3744First,3744Last
test3745,test3745password,3745First,3745Last
test3746,test3746password,3746First,3746Last
test3747,test3747password,3747First,3747Last
test3748,test3748password,3748First,3748Last
test3749,test3749password,3749First,3749Last
test3750,test3750password,3750First,3750Last
test3751,test3751password,3751First,3751Last
test3752,test3752password,3752First,3752Last
test3753,test3753password,3753First,3753Last
test3754,test3754password,3754First,3754Last
test3755,test3755password,3755First,3755Last
test3756,test3756password,3756First,3756Last
test3757,test3757password,3757First,3757Last
test3758,test3758password,3758First,3758Last
test3759,test3759password,3759First,3759Last
test3760,test3760password,3760First,3760Last
test3761,test3761password,3761First,3761Last
test3762,test3762password,3762First,3762Last
test3763,test3763password,3763First,3763Last
test3764,test3764password,3764First,3764Last
test3765,test3765password,3765First,3765Last
test3766,test3766password,3766First,3766Last
test3767,test3767password,3767First,3767Last
test3768,test3768password,3768First,3768Last
test3769,test3769password,3769First,3769Last
test3770,test3770password,3770First,3770Last
test3771,test3771password,3771First,3771Last
test3772,test3772password,3772First,3772Last
test3773,test3773password,3773First,3773Last
test3774,test3774password,3774First,3774Last
test3775,test3775password,3775First,3775Last
test3776,test3776password,3776First,3776Last
test3777,test3777password,3777First,3777Last
test3778,test3778password,3778First,3778Last
test3779,test3779password,3779First,3779Last
test3780,test3780password,3780First,3780Last
test3781,test3781password,3781First,3781Last
test3782,test3782password,3782First,3782Last
test3783,test3783password,3783First,3783Last
test3784,test3784password,3784First,3784Last
test3785,test3785password,3785First,3785Last
test3786,test3786password,3786First,3786Last
test3787,test3787password,3787First,3787Last
test3788,test3788password,3788First,3788Last
test3789,test3789password,3789First,3789Last
test3790,test3790password,3790First,3790Last
test3791,test3791password,3791First,3791Last
test3792,test3792password,3792First,3792Last
test3793,test3793password,3793First,3793Last
test3794,test3794password,3794First,3794Last
test3795,test3795password,3795First,3795Last
test3796,test3796password,3796First,3796Last
test3797,test3797password,3797First,3797Last
test3798,test3798password,3798First,3798Last
test3799,test3799password,3799First,3799Last
test3800,test3800password,3800First,3800Last
test3801,test3801password,3801First,3801Last
test3802,test3802password,3802First,3802Last
test3803,test3803password,3803First,3803Last
test3804,test3804password,3804First,3804Last
test3805,test3805password,3805First,3805Last
test3806,test3806password,3806First,3806Last
test3807,test3807password,3807First,3807Last
test3808,test3808password,3808First,3808Last
test3809,test3809password,3809First,3809Last
test3810,test3810password,3810First,3810Last
test3811,test3811password,3811First,3811Last
test3812,test3812password,3812First,3812Last
test3813,test3813password,3813First,3813Last
test3814,test3814password,3814First,3814Last
test3815,test3815password,3815First,3815Last
test3816,test3816password,3816First,3816Last
test3817,test3817password,3817First,3817Last
test3818,test3818password,3818First,3818Last
test3819,test3819password,3819First,3819Last
test3820,test3820password,3820First,3820Last
test3821,test3821password,3821First,3821Last
test3822,test3822password,3822First,3822Last
test3823,test3823password,3823First,3823Last
test3824,test3824password,3824First,3824Last
test3825,test3825password,3825First,3825Last
test3826,test3826password,3826First,3826Last
test3827,test3827password,3827First,3827Last
test3828,test3828password,3828First,3828Last
test3829,test3829password,3829First,3829Last
test3830,test3830password,3830First,3830Last
test3831,test3831password,3831First,3831Last
test3832,test3832password,3832First,3832Last
test3833,test3833password,3833First,3833Last
test3834,test3834password,3834First,3834Last
test3835,test3835password,3835First,3835Last
test3836,test3836password,3836First,3836Last
test3837,test3837password,3837First,3837Last
test3838,test3838password,3838First,3838Last
test3839,test3839password,3839First,3839Last
test3840,test3840password,3840First,3840Last
test3841,test3841password,3841First,3841Last
test3842,test3842password,3842First,3842Last
test3843,test3843password,3843First,3843Last
test3844,test3844password,3844First,3844Last
test3845,test3845password,3845First,3845Last
test3846,test3846password,3846First,3846Last
test3847,test3847password,3847First,3847Last
test3848,test3848password,3848First,3848Last
test3849,test3849password,3849First,3849Last
test3850,test3850password,3850First,3850Last
test3851,test3851password,3851First,3851Last
test3852,test3852password,3852First,3852Last
test3853,test3853password,3853First,3853Last
test3854,test3854password,3854First,3854Last
test3855,test3855password,3855First,3855Last
test3856,test3856password,3856First,3856Last
test3857,test3857password,3857First,3857Last
test3858,test3858password,3858First,3858Last
test3859,test3859password,3859First,3859Last
test3860,test3860password,3860First,3860Last
test3861,test3861password,3861First,3861Last
test3862,test3862password,3862First,3862Last
test3863,test3863password,3863First,3863Last
test3864,test3864password,3864First,3864Last
test3865,test3865password,3865First,3865Last
test3866,test3866password,3866First,3866Last
test3867,test3867password,3867First,3867Last
test3868,test3868password,3868First,3868Last
test3869,test3869password,3869First,3869Last
test3870,test3870password,3870First,3870Last
test3871,test3871password,3871First,3871Last
test3872,test3872password,3872First,3872Last
test3873,test3873password,3873First,3873Last
test3874,test3874password,3874First,3874Last
test3875,test3875password,3875First,3875Last
test3876,test3876password,3876First,3876Last
test3877,test3877password,3877First,3877Last
test3878,test3878password,3878First,3878Last
test3879,test3879password,3879First,3879Last
test3880,test3880password,3880First,3880Last
test3881,test3881password,3881First,3881Last
test3882,test3882password,3882First,3882Last
test3883,test3883password,3883First,3883Last
test3884,test3884password,3884First,3884Last
test3885,test3885password,3885First,3885Last
test3886,test3886password,3886First,3886Last
test3887,test3887password,3887First,3887Last
test3888,test3888password,3888First,3888Last
test3889,test3889password,3889First,3889Last
test3890,test3890password,3890First,3890Last
test3891,test3891password,3891First,3891Last
test3892,test3892password,3892First,3892Last
test3893,test3893password,3893First,3893Last
test3894,test3894password,3894First,3894Last
test3895,test3895password,3895First,3895Last
test3896,test3896password,3896First,3896Last
test3897,test3897password,3897First,3897Last
test3898,test3898password,3898First,3898Last
test3899,test3899password,3899First,3899Last
test3900,test3900password,3900First,3900Last
test3901,test3901password,3901First,3901Last
test3902,test3902password,3902First,3902Last
test3903,test3903password,3903First,3903Last
test3904,test3904password,3904First,3904Last
test3905,test3905password,3905First,3905Last
test3906,test3906password,3906First,3906Last
test3907,test3907password,3907First,3907Last
test3908,test3908password,3908First,3908Last
test3909,test3909password,3909First,3909Last
test3910,test3910password,3910First,3910Last
test3911,test3911password,3911First,3911Last
test3912,test3912password,3912First,3912Last
test3913,test3913password,3913First,3913Last
test3914,test3914password,3914First,3914Last
test3915,test3915password,3915First,3915Last
test3916,test3916password,3916First,3916Last
test3917,test3917password,3917First,3917Last
test3918,test3918password,3918First,3918Last
test3919,test3919password,3919First,3919Last
test3920,test3920password,3920First,3920Last
test3921,test3921password,3921First,3921Last
test3922,test3922password,3922First,3922Last
test3923,test3923password,3923First,3923Last
test3924,test3924password,3924First,3924Last
test3925,test3925password,3925First,3925Last
test3926,test3926password,3926First,3926Last
test3927,test3927password,3927First,3927Last
test3928,test3928password,3928First,3928Last
test3929,test3929password,3929First,3929Last
test3930,test3930password,3930First,3930Last
test3931,test3931password,3931First,3931Last
test3932,test3932password,3932First,3932Last
test3933,test3933password,3933First,3933Last
test3934,test3934password,3934First,3934Last
test3935,test3935password,3935First,3935Last
test3936,test3936password,3936First,3936Last
test3937,test3937password,3937First,3937Last
test3938,test3938password,3938First,3938Last
test3939,test3939password,3939First,3939Last
test3940,test3940password,3940First,3940Last
test3941,test3941password,3941First,3941Last
test3942,test3942password,3942First,3942Last
test3943,test3943password,3943First,3943Last
test3944,test3944password,3944First,3944Last
test3945,test3945password,3945First,3945Last
test3946,test3946password,3946First,3946Last
test3947,test3947password,3947First,3947Last
test3948,test3948password,3948First,3948Last
test3949,test3949password,3949First,3949Last
test3950,test3950password,3950First,3950Last
test3951,test3951password,3951First,3951Last
test3952,test3952password,3952First,3952Last
test3953,test3953password,3953First,3953Last
test3954,test3954password,3954First,3954Last
test3955,test3955password,3955First,3955Last
test3956,test3956password,3956First,3956Last
test3957,test3957password,3957First,3957Last
test3958,test3958password,3958First,3958Last
test3959,test3959password,3959First,3959Last
test3960,test3960password,3960First,3960Last
test3961,test3961password,3961First,3961Last
test3962,test3962password,3962First,3962Last
test3963,test3963password,3963First,3963Last
test3964,test3964password,3964First,3964Last
test3965,test3965password,3965First,3965Last
test3966,test3966password,3966First,3966Last
test3967,test3967password,3967First,3967Last
test3968,test3968password,3968First,3968Last
test3969,test3969password,3969First,3969Last
test3970,test3970password,3970First,3970Last
test3971,test3971password,3971First,3971Last
test3972,test3972password,3972First,3972Last
test3973,test3973password,3973First,3973Last
test3974,test3974password,3974First,3974Last
test3975,test3975password,3975First,3975Last
test3976,test3976password,3976First,3976Last
test3977,test3977password,3977First,3977Last
test3978,test3978password,3978First,3978Last
test3979,test3979password,3979First,3979Last
test3980,test3980password,3980First,3980Last
test3981,test3981password,3981First,3981Last
test3982,test3982password,3982First,3982Last
test3983,test3983password,3983First,3983Last
test3984,test3984password,3984First,3984Last
test3985,test3985password,3985First,3985Last
test3986,test3986password,3986First,3986Last
test3987,test3987password,3987First,3987Last
test3988,test3988password,3988First,3988Last
test3989,test3989password,3989First,3989Last
test3990,test3990password,3990First,3990Last
test3991,test3991password,3991First,3991Last
test3992,test3992password,3992First,3992Last
test3993,test3993password,3993First,3993Last
test3994,test3994password,3994First,3994Last
test3995,test3995password,3995First,3995Last
test3996,test3996password,3996First,3996Last
test3997,test3997password,3997First,3997Last
test3998,test3998password,3998First,3998Last
test3999,test3999password,3999First,3999Last
test4000,test4000password,4000First,4000Last
test4001,test4001password,4001First,4001Last
test4002,test4002password,4002First,4002Last
test4003,test4003password,4003First,4003Last
test4004,test4004password,4004First,4004Last
test4005,test4005password,4005First,4005Last
test4006,test4006password,4006First,4006Last
